camera_handler,camera_handler_refactor,database_handler,database_handler_refactor,game_handler,game_handler_refactor,leader_board_handler,leader_board_handler_refactor,level_handler,level_handler_refactor,lib,lib_refactor,main,main_refactor,menu_handler,menu_handler_refactor,network_handler,network_handler_refactor,party_handler,party_handler_refactor,player_handler,player_handler_refactor,physics_handler,physics_handler_refactor,ray_system_handler,ray_system_handler_refactor,run_trigger_handler,run_trigger_handler_refactor,turn_handler,turn_handler_refactor,user_interface,user_interface_refactor
CameraHandler::new,,DatabaseConnection::new,,GameHandler::new,,LeaderBoard::new,,GLBStorageID::new,,BonkHandler,,debug_names_query,,,,auth_server_handshake,,Party::new,,PlayerAi::new,,BonkHandler::new,,draw_cursor,,RunTrigger::new,,turn_handler_set_turn_next,,apply_rotation_matrix_camera_yaw,
StatePanOrbit::default,,DatabaseConnection::get_connection,,GameHandler::get,,LeaderBoard::log_game,,level_handler_boot_protocals,,CameraHandler,,debug_with_optional_parent,,,,heartbeat_system,,Party::active_player_add_bonk,,PlayerAi::start_game,,BonkHandler::set_cursor_updated,,ray_fire,,RunTrigger::get,,turn_handler_end_game,,bonk_gizmo,
PanOrbitSettings::default,,db_pipeline_init_local_player,,GameHandler::set_target,,LeaderBoard::get_game_count,,level_handler_purge_protocol,,CameraUi,,golf_ball_handler_respawn_golf_ball,,,,network_get_client_state_all,,Party::active_player_finished_hole,,PlayerAi::game_completed,,BonkHandler::update_cursor_bonk_position,,ray_release,,RunTrigger::set_target,,turn_handler_next_round_prep,,easy_vec_ui,
apply_rotation_matrix_menu_camera,,db_pipeline_init_local_player,,GameHandler::all_sleeping,,LeaderBoard::get_last_game,,level_handler_init_level_game_handler_current_level,,CameraWorld,,golf_ball_query,,,,network_get_client_state_game,,Party::active_player_get_bonks_level,,PlayerAi::hole_completed,,BonkHandler::update_cursor_origin_position,,,,RunTrigger::add_physics_query_and_update_scene,,,,UserInterface,
camera_handler_cycle_state_camera,,,,GameHandler::arrow_state,,LeaderBoard::reset_current_scores,,level_handler_init_level,,ClientProtocol,,last_game_record,,,,receive_messages,,Party::active_player_get_clone,,PlayerAi::next_round_prep,,BonkHandler::update_direction,,,,RunTrigger::camera_handler_cycle_state_camera,,,,UserInterface::select_a_hole_widget,
camera_handler_cycle_state_camera_menu_target,,,,GameHandler::environment_loaded,,LeaderBoard::review_game,,setup_ground,,ClientProtocol::new,,listening_function_local_all_finished,,,,remote_state_change_monitor,,Party::active_player_get_hole_completion_state,,PlayerAi::add_bonk,,BonkHandler::update_power,,,,RunTrigger::camera_handler_cycle_state_camera_menu_target,,,,,
setup_3d_camera,,,,GameHandler::golf_balls_loaded,,leader_board_log_game,,setup_light,,ClientProtocol::all_states_packet,,listening_function_local_all_sleeping,,,,send_client_heartbeat,,Party::active_player_get_index,,PlayerAi::get_bonks,,PhysicsHandler::new,,,,RunTrigger::game_handler_game_start,,,,,
state_camera_orbit_entity_logic,,,,GameHandler::in_game,,leader_board_review_last_game,,level_handler_set_state_next_level,,ClientProtocol::heart_beat_packet,,listening_function_local_add_physics,,,,server_parse_message,,Party::active_player_get_player_id,,PlayerAi::get_hole_completion_state,,add_physics_query_and_update_scene,,,,RunTrigger::game_handler_game_state_exit_routines,,,,,
pan_orbit_camera,,,,GameHandler::network_server_connection,,,,level_handler_set_state_next_map_set,,ClientProtocol::init_player_connection,,listening_function_local_respawn_add_physics,,,,start_socket,,Party::active_player_get_player_type,,PlayerAi::get_player_id,,bonk,,,,RunTrigger::game_handler_game_state_start_routines,,,,,
,,,,GameHandler::remote_game,,,,level_handler_next_turn_protocol,,DatabaseConnection,,listening_function_purge_events,,,,,,Party::active_player_get_score,,PlayerAi::get_player_type,,bonk_step_start,,,,RunTrigger::golf_ball_handler_end_game,,,,,
,,,,GameHandler::game_id_get,,,,level_handler_purge_entity,,HeartbeatTimer,,listening_function_spawned_golf_ball_events,,,,,,Party::active_player_set,,PlayerAi::get_score,,bonk_step_mid,,,,RunTrigger::golf_ball_handler_update_locations_post_bonk,,,,,
,,,,GameHandler::game_id_gen,,,,level_handler_purge_env_glb_all,,Interactable,,listening_function_spawned_environment_events,,,,,,Party::active_player_set_hole_completion_state,,PlayerAi::set_hole_completion_state,,bonk_step_end,,,,RunTrigger::golf_ball_handler_party_store_locations,,,,,
,,,,GameHandler::game_id_clear,,,,level_handler_purge_golf_ball_all,,GameHandler,,party_query,,,,,,Party::all_finished,,PlayerAi::set_player_id,,collision_events_listener,,,,RunTrigger::golf_ball_handler_reset_golf_ball_locations,,,,,
,,,,GameHandler::current_level_set_next_level,,,,PurgeHandler::new,,GameRecord,,start_movement_listener_turn_handler_set_turn_next,,,,,,Party::all_players_get_ids,,PlayerLocal::new,,extract_mesh_vertices_indices,,,,RunTrigger::golf_ball_handler_spawn_golf_balls_for_party_members,,,,,
,,,,GameHandler::current_level_set_mapset_start,,,,PurgeHandler::get,,GLBStorageID,,temp_interface,,,,,,Party::all_players_get_ids_and_scores,,PlayerLocal::start_game,,golf_ball_handler_update_locations_post_bonk,,,,RunTrigger::leader_board_log_game,,,,,
,,,,GameHandler::current_level_get,,,,PurgeHandler::set_target,,GolfBall,,temp_interface::KeyA::party_handler_active_player_set_hole_completion_state_true,,,,,,Party::all_players_get_finished_count,,PlayerLocal::game_completed,,golf_ball_handler_end_game,,,,RunTrigger::leader_board_review_last_game,,,,,
,,,,GameHandler::current_level_set,,,,PurgeHandler::environment_purged,,GolfBallPosition,,temp_interface::KeyB::party_handler_active_player_add_bonk,,,,,,Party::game_completed,,PlayerLocal::hole_completed,,golf_ball_handler_init_golf_ball_uuid,,,,RunTrigger::level_handler_init_level_game_handler_current_level,,,,,
,,,,GameHandler::current_level_set_tutorial,,,,PurgeHandler::golf_balls_purged,,Ground,,temp_interface::KeyC::camera_handler_cycle_state_camera,,,,,,Party::main_player_get_player_id,,PlayerLocal::next_round_prep,,golf_ball_handler_respawn_golf_ball_uuid,,,,RunTrigger::level_handler_next_turn_protocol,,,,,
,,,,GameHandler::current_level_set_menu_main,,,,,,LeaderBoard,,temp_interface::KeyI::add_physics_query_and_update_scene,,,,,,Party::next_player_proximity,,PlayerLocal::add_bonk,,golf_ball_handler_party_store_locations,,,,RunTrigger::level_handler_purge_protocol,,,,,
,,,,GameHandler::current_level_set_menu_learderboard,,,,,,MapID,,temp_interface::KeyM::level_handler_set_state_next_map_set,,,,,,Party::next_player_set_order,,PlayerLocal::get_bonks,,golf_ball_handler_reset_golf_ball_locations,,,,RunTrigger::level_handler_set_state_next_level,,,,,
,,,,GameHandler::current_level_set_menu_local,,,,,,MapSet,,temp_interface::KeyN::turn_handler_set_turn_next,,,,,,Party::next_round_prep,,PlayerLocal::get_hole_completion_state,,golf_ball_handler_spawn_golf_balls_for_party_members,,,,RunTrigger::level_handler_set_state_next_map_set,,,,,
,,,,GameHandler::current_level_set_menu_online,,,,,,OnlineStateChange,,temp_interface::KeyP::party_handler_cycle_active_player,,,,,,Party::party_size,,PlayerLocal::get_player_id,,golf_balls_update_sleep_status,,,,RunTrigger::network_get_client_state_all,,,,,
,,,,GameHandler::current_level_set_menu_preferences,,,,,,PacketAllStates,,temp_interface::KeyQ::network_get_client_state_all,,,,,,Party::player_set_hole_completion_state,,PlayerLocal::get_player_type,,golf_ball_is_asleep,,,,RunTrigger::network_get_client_state_game,,,,,
,,,,GameHandler::current_level_set_menu_player,,,,,,PacketHeartbeat,,"temp_interface::KeyS::{level_handler_purge_protocol, game_handler_game_start}",,,,,,Party::player_set_player_id,,PlayerLocal::get_score,,performance_physics_setup,,,,RunTrigger::party_handler_active_player_add_bonk,,,,,
,,,,GameHandler::pushed_state_get,,,,,,PanOrbitAction,,temp_interface::KeyV::camera_handler_cycle_state_camera_menu_target,,,,,,Party::players_add_player,,PlayerLocal::set_hole_completion_state,,toggle_arrow_state,,,,RunTrigger::party_handler_active_player_set_hole_completion_state_true,,,,,
,,,,GameHandler::pushed_state_set,,,,,,PanOrbitCameraBundle,,temp_interface::Numpad1::party_handler_remove_last_player,,,,,,Party::players_remove_ai,,PlayerLocal::set_player_id,,XYMatrix::new,,,,RunTrigger::party_handler_cycle_active_player,,,,,
,,,,GameRecord::unwrap,,,,,,PanOrbitSettings,,temp_interface::Numpad3::party_handler_remove_ai,,,,,,Party::players_remove_last_player,,PlayerRemote::new,,XYMatrix::set,,,,RunTrigger::party_handler_new_player_ai,,,,,
,,,,game_handler_game_start,,,,,,Party,,temp_interface::Numpad7::party_handler_new_player_local,,,,,,Party::players_remove_player,,PlayerRemote::start_game,,,,,,RunTrigger::party_handler_new_player_local,,,,,
,,,,game_handler_game_state_exit_routines,,,,,,PhysicsHandler,,temp_interface::Numpad8::party_handler_new_player_remote,,,,,,Party::start_game,,PlayerRemote::game_completed,,,,,,RunTrigger::party_handler_new_player_remote,,,,,
,,,,game_handler_game_state_start_routines,,,,,,Player,,temp_interface::Numpad9::party_handler_new_player_ai,,,,,,party_handler_active_player_add_bonk,,PlayerRemote::hole_completed,,,,,,RunTrigger::party_handler_remove_ai,,,,,
,,,,,,,,,,PlayerAi,,,,,,,,party_handler_active_player_set_hole_completion_state_true,,PlayerRemote::next_round_prep,,,,,,RunTrigger::party_handler_remove_last_player,,,,,
,,,,,,,,,,PlayerLocal,,,,,,,,party_handler_cycle_active_player,,PlayerRemote::add_bonk,,,,,,RunTrigger::turn_handler_end_game,,,,,
,,,,,,,,,,PlayerRemote,,,,,,,,party_handler_new_player_ai,,PlayerRemote::get_bonks,,,,,,RunTrigger::turn_handler_next_round_prep,,,,,
,,,,,,,,,,PurgeHandler,,,,,,,,party_handler_new_player_local,,PlayerRemote::get_hole_completion_state,,,,,,RunTrigger::turn_handler_set_turn_next,,,,,
,,,,,,,,,,SceneInstancePurgedEnvironment,,,,,,,,party_handler_new_player_remote,,PlayerRemote::get_player_id,,,,,,RunTrigger::,,,,,
,,,,,,,,,,SceneInstancePurgedGolfBalls,,,,,,,,party_handler_remove_ai,,PlayerRemote::get_player_type,,,,,,,,,,,
,,,,,,,,,,SceneInstanceRespawnedGolfBall,,,,,,,,party_handler_remove_last_player,,PlayerRemote::get_score,,,,,,,,,,,
,,,,,,,,,,SceneInstanceOutOfBoundGolfBall,,,,,,,,,,PlayerRemote::set_hole_completion_state,,,,,,,,,,,
,,,,,,,,,,SceneInstanceSpawnedEnvironment,,,,,,,,,,PlayerRemote::set_player_id,,,,,,,,,,,
,,,,,,,,,,SceneInstanceSpawnedGolfBalls,,,,,,,,,,,,,,,,,,,,,
,,,,,,,,,,StateArrow,,,,,,,,,,,,,,,,,,,,,
,,,,,,,,,,StateCameraMenuTarget,,,,,,,,,,,,,,,,,,,,,
,,,,,,,,,,StateCameraOrbitEntity,,,,,,,,,,,,,,,,,,,,,
,,,,,,,,,,StateGame,,,,,,,,,,,,,,,,,,,,,
,,,,,,,,,,StateEngineConnection,,,,,,,,,,,,,,,,,,,,,
,,,,,,,,,,StateGamePlayStyle,,,,,,,,,,,,,,,,,,,,,
,,,,,,,,,,StateLevel,,,,,,,,,,,,,,,,,,,,,
,,,,,,,,,,StateMapSet,,,,,,,,,,,,,,,,,,,,,
,,,,,,,,,,StateMenu,,,,,,,,,,,,,,,,,,,,,
,,,,,,,,,,StatePanOrbit,,,,,,,,,,,,,,,,,,,,,
,,,,,,,,,,StateTurn,,,,,,,,,,,,,,,,,,,,,
,,,,,,,,,,StateUpdateRef,,,,,,,,,,,,,,,,,,,,,
,,,,,,,,,,RunTrigger,,,,,,,,,,,,,,,,,,,,,
,,,,,,,,,,UpdateIdResource,,,,,,,,,,,,,,,,,,,,,
,,,,,,,,,,UserInterface,,,,,,,,,,,,,,,,,,,,,
,,,,,,,,,,XYMatrix,,,,,,,,,,,,,,,,,,,,,
,,,,,,,,,,,,,,,,,,,,,,,,,,,,,,,
,,,,,,,,,,,,,,,,,,,,,,,,,,,,,,,
,,,,,,,,,,,,,,,,,,,,,,,,,,,,,,,
,,,,,,,,,,,,,,,,,,,,,,,,,,,,,,,
,,,,,,,,,,,,,,,,,,,,,,,,,,,,,,,
,,,,,,,,,,,,,,,,,,,,,,,,,,,,,,,
,,,,,,,,,,,,,,,,,,,,,,,,,,,,,,,
,,,,,,,,,,,,,,,,,,,,,,,,,,,,,,,
,,,,,,,,,,,,,,,,,,,,,,,,,,,,,,,
,,,,,,,,,,,,,,,,,,,,,,,,,,,,,,,
,,,,,,,,,,,,,,,,,,,,,,,,,,,,,,,
,,,,,,,,,,,,,,,,,,,,,,,,,,,,,,,
,,,,,,,,,,,,,,,,,,,,,,,,,,,,,,,
,,,,,,,,,,,,,,,,,,,,,,,,,,,,,,,
,,,,,,,,,,,,,,,,,,,,,,,,,,,,,,,
,,,,,,,,,,,,,,,,,,,,,,,,,,,,,,,
,,,,,,,,,,,,,,,,,,,,,,,,,,,,,,,
,,,,,,,,,,,,,,,,,,,,,,,,,,,,,,,
,,,,,,,,,,,,,,,,,,,,,,,,,,,,,,,
,,,,,,,,,,,,,,,,,,,,,,,,,,,,,,,
,,,,,,,,,,,,,,,,,,,,,,,,,,,,,,,
,,,,,,,,,,,,,,,,,,,,,,,,,,,,,,,
,,,,,,,,,,,,,,,,,,,,,,,,,,,,,,,
,,,,,,,,,,,,,,,,,,,,,,,,,,,,,,,
,,,,,,,,,,,,,,,,,,,,,,,,,,,,,,,
,,,,,,,,,,,,,,,,,,,,,,,,,,,,,,,
,,,,,,,,,,,,,,,,,,,,,,,,,,,,,,,
